<?xml version="1.0" encoding="UTF-8"?>
<beans xmlns="http://www.springframework.org/schema/beans"
	xmlns:xsi="http://www.w3.org/2001/XMLSchema-instance"
	xmlns:p="http://www.springframework.org/schema/p"
	xmlns:context="http://www.springframework.org/schema/context"
	xmlns:mvc="http://www.springframework.org/schema/mvc"
	xsi:schemaLocation="
        http://www.springframework.org/schema/beans
        http://www.springframework.org/schema/beans/spring-beans.xsd
        http://www.springframework.org/schema/context
        http://www.springframework.org/schema/context/spring-context.xsd
        http://www.springframework.org/schema/mvc
        http://www.springframework.org/schema/mvc/spring-mvc.xsd">

	<!-- add base packages to scan -->
	<context:component-scan
		base-package="com.stackroute.newz.controller" />
	<mvc:annotation-driven></mvc:annotation-driven>
	<mvc:resources location="/resources/"
		mapping="/resources/**"></mvc:resources>
	<!-- Define the bean for view resolver so that it can be used to resolve 
		the * JSP files which are existing in /WEB-INF/views folder. A ViewResolver 
		is capable of * mapping logical view names to actual views, such as a JSP 
		or a HTML page. -->
	<bean id="viewResolver"
		class="org.springframework.web.servlet.view.UrlBasedViewResolver">
		<property name="viewClass"
			value="org.springframework.web.servlet.view.JstlView" />
		<property name="prefix" value="/WEB-INF/views/" />
		<property name="suffix" value=".jsp" />
	</bean>



</beans>